{"mean_": [0.09640730837909967, 0.21315198258869897, 325.1982705669924, 179.94865035444013, 20486.257018786277, 32.519235216233604, 25.006360526518492, 179.73570867050168], "scale_": [34.67147688611561, 103.89569835189799, 101.03783392335926, 103.96669947233325, 11248.041421659644, 15.870472462054286, 14.446254423607527, 103.92150164321662], "var_": [1202.1113094644493, 10794.316136028578, 10208.643883924326, 10809.074599170459, 126518435.82337108, 251.8718961688234, 208.69426687160006, 10799.678503781073], "n_features_in_": 8}